"ID","Created Date","Updated Date","Owner","Set Name","Display Number","Year","Country","Brand","Company","Reference Number","Notes","Display Text","Media Gallery","Flower Garden Rabbit Family (All)","Link"
"120e97e3-7957-4d66-9ed0-529317bfb19d",2022-04-12T23:20:49Z,2023-03-03T14:25:48Z,"01b17202-4f3c-4229-9bdf-d8ab45a08593","Flower Garden Rabbit Sister",2,"2009","Japan","Sylvanian Families ","Epoch",,"Exclusively available from the Sylvanian Gardens theme park, located in Fukuoka, Japan","<ul class=""font_9"">
  <li><p class=""font_9"">Approximate Year: 2009</p></li>
  <li><p class=""font_9"">Country: Japan</p></li>
  <li><p class=""font_9"">Brand: Sylvanian Families</p></li>
  <li><p class=""font_9"">Company: Epoch</p></li>
  <li><p class=""font_9"">Notes: Exclusively available from the Sylvanian Gardens theme park, located in Fukuoka, Japan</p></li>
</ul>","[{""description"":""Japan, 2009"",""slug"":""01b172_7df6d52302a645be91d7e62c4d0e0674~mv2"",""alt"":"""",""src"":""wix:image://v1/01b172_7df6d52302a645be91d7e62c4d0e0674~mv2.jpg/flower-garden-rabbit-sister-japan-2009.jpg#originWidth=1362&originHeight=2048"",""title"":""Flower Garden Rabbit Sister"",""type"":""image"",""settings"":{}}]","/flower-garden-rabbit/","<p class=""font_8""><a href=""https://www.sylvanianforest.com/product-page/flower-garden-rabbit-sister-1"">Click here to view photographs.</a></p>"
"9a026032-cb69-4f0b-bfd2-6abacf8119c8",2022-04-08T04:30:37Z,2023-03-03T14:26:05Z,"01b17202-4f3c-4229-9bdf-d8ab45a08593","Flower Garden Rabbit Family",1,"2009","Japan","Sylvanian Families","Epoch",,"Exclusively available from the Sylvanian Gardens theme park, located in Fukuoka Japan. ","<ul class=""font_9"">
  <li><p class=""font_9"">Approximate Year: 2009</p></li>
  <li><p class=""font_9"">Country: Japan</p></li>
  <li><p class=""font_9"">Brand: Sylvanian Families</p></li>
  <li><p class=""font_9"">Company: Epoch</p></li>
  <li><p class=""font_9"">Notes: Exclusively available from the Sylvanian Gardens theme park, located in Fukuoka Japan.</p></li>
</ul>","[{""description"":""Japan, 2009"",""slug"":""01b172_931eeb45c02042a8837e7b3b9b1569da~mv2"",""alt"":"""",""src"":""wix:image://v1/01b172_931eeb45c02042a8837e7b3b9b1569da~mv2.jpg/flower-garden-rabbits.jpg#originWidth=2048&originHeight=1530"",""title"":""Flower Garden Rabbit Family"",""type"":""image"",""settings"":{}},{""description"":""Japan, 2009"",""slug"":""01b172_09328663294f4a05acd7f109d9ad6930~mv2"",""alt"":"""",""src"":""wix:image://v1/01b172_09328663294f4a05acd7f109d9ad6930~mv2.jpg/flower-garden-rabbits-5.jpg#originWidth=2048&originHeight=1475"",""title"":""Flower Garden Rabbit Family"",""type"":""image"",""settings"":{}}]","/flower-garden-rabbit/","<p class=""font_8""><a href=""https://www.sylvanianforest.com/product-page/flower-garden-rabbit-family"">Click here to view photographs.</a></p>"
"a708636d-0398-4dd7-b8f3-6c5944eedbca",2022-04-12T23:22:41Z,2023-03-03T14:25:29Z,"01b17202-4f3c-4229-9bdf-d8ab45a08593","Flower Garden Rabbit Sister",3,"2020","Japan","Sylvanian Families ","Epoch",,"Exclusively available from the Sylvanian Gardens theme park, located in Fukuoka, Japan","<ul class=""font_9"">
  <li><p class=""font_9"">Approximate Year: 2020</p></li>
  <li><p class=""font_9"">Country: Japan</p></li>
  <li><p class=""font_9"">Brand: Sylvanian Families</p></li>
  <li><p class=""font_9"">Company: Epoch</p></li>
  <li><p class=""font_9"">Notes: Exclusively available from the Sylvanian Gardens theme park, located in Fukuoka, Japan</p></li>
</ul>","[{""description"":""Japan, 2020"",""slug"":""01b172_235ecc60d5964c7c98ade12025c29b8b~mv2"",""alt"":"""",""src"":""wix:image://v1/01b172_235ecc60d5964c7c98ade12025c29b8b~mv2.jpg/garden-rabbit-sister-japan-2020.jpg#originWidth=2544&originHeight=2853"",""title"":""Flower Garden Rabbit Sister"",""type"":""image"",""settings"":{}}]","/flower-garden-rabbit/","<p class=""font_8""><a href=""https://www.sylvanianforest.com/product-page/flower-garden-rabbit-sister"">Click here to view photographs.</a></p>"
